iso_code,location,percent
AND,Andorra,15.5439073
MNE,Montenegro,14.523725399999998
CZE,Czechia,14.3088484
SMR,San Marino,13.9371796
SVN,Slovenia,10.370805800000001
LUX,Luxembourg,9.8473424
ISR,Israel,9.625106
USA,United States,9.203011
SRB,Serbia,8.8263286
BHR,Bahrain,8.4888601
PAN,Panama,8.2287391
PRT,Portugal,8.0586997
EST,Estonia,8.0226816
SWE,Sweden,7.9697442999999994
LTU,Lithuania,7.938864699999999
